driver_id,mean_speed,harsh_brake_rate,night_miles_pct,urban_miles_pct,weekend_miles_pct,accel_var,phone_use_pct,total_miles,is_high_risk
D-001,55.09565348864175,0.008888888888888889,0.25120305403160853,0.6017910554710583,0.2661614165079015,1.4483003079646122,0.03166666666666667,540.2165017145895,1
D-002,54.96450603358659,0.010277777777777778,0.24910546231030853,0.5939299041983682,0.2658332815683317,1.4730082572147583,0.04041666666666666,2167.2775480365694,1
D-003,54.453815810309706,0.006666666666666667,0.2566152241292857,0.6226391020171007,0.2691366263107896,1.453427719007817,0.019444444444444445,535.0273972090803,1
D-004,55.2009043474113,0.0059722222222222225,0.25452707760310933,0.5926297352096991,0.2638601674450314,1.4687710683068693,0.02875,2167.9699754085896,1
D-005,55.17973950680111,0.0025925925925925925,0.24926562165795355,0.599620896865306,0.2682790721816057,1.4769220075699014,0.01462962962962963,1626.3278271681402,1
D-006,55.13675161039972,0.005555555555555556,0.24238920855856916,0.5881342185316913,0.2675390068345028,1.420714594183095,0.019444444444444445,2157.4896236307954,0
D-007,54.99163921643511,0.00962962962962963,0.2455632134695907,0.6009227809960824,0.2680599259153147,1.4854049364782194,0.0337037037037037,1610.3126185298663,0
D-008,54.9194115174077,0.017037037037037038,0.2615136553687781,0.6061923517490534,0.26441014975999994,1.426044594578376,0.0737037037037037,1618.9171742289152,1
D-009,54.950042020677884,0.00625,0.2455832702077583,0.6095231823241657,0.2659615781881663,1.4850419118554972,0.02,2160.5990161715667,0
D-010,54.87489549001634,0.006111111111111111,0.26418792275539943,0.6018715180049047,0.2710479813167467,1.4118298084710181,0.015555555555555555,536.3115744471628,0
D-011,54.5222299416991,0.005,0.26275262543055306,0.6190644838334769,0.267141751919319,1.492719260095461,0.02638888888888889,1071.658335634244,1
D-012,54.96771343146051,0.008194444444444445,0.24503265721519443,0.5904080619681384,0.26315103660055084,1.4733045745241766,0.03847222222222222,2159.150816202195,1
D-013,54.55448208915716,0.012222222222222223,0.2562355374521394,0.60751351698557,0.27073532544344586,1.4575770089594926,0.06777777777777778,538.5021438056135,0
D-014,54.9648633509943,0.006666666666666667,0.24605378993027716,0.5953079674504707,0.26396629842888464,1.4364429713608535,0.02388888888888889,2170.5728115314505,1
D-015,54.70923499516748,0.008055555555555555,0.2502731878522163,0.6079431724555084,0.26729936320330205,1.4247890860976948,0.029722222222222223,1079.6152061470796,1
D-016,55.213900130914254,0.0075,0.23509789140366913,0.602476430843581,0.2633306882904959,1.4677543302352778,0.03194444444444444,1081.8912099185745,1
D-017,54.96143252401013,0.006388888888888889,0.2569570867285698,0.5799084512502566,0.26219856742989467,1.4009846103649586,0.03666666666666667,1086.3730364990663,0
D-018,55.06108646075542,0.005740740740740741,0.2497049614781722,0.5904888572412409,0.2659524512612585,1.441402167516199,0.022222222222222223,1631.2629937765553,1
D-019,55.16983316170021,0.002777777777777778,0.24087920482074462,0.5904739410744776,0.2576904654140745,1.3739743210681732,0.021666666666666667,543.8127532363903,0
D-020,55.0388185162297,0.015925925925925927,0.2460135721894504,0.583831355563142,0.2654961693943956,1.4678341018119956,0.06796296296296296,1616.3621254480554,1
D-021,54.910639890077135,0.011666666666666667,0.24421522689787237,0.6078579669747862,0.26671284720083105,1.4784964593407643,0.04833333333333333,2149.584291471242,1
D-022,55.1229471617803,0.0044444444444444444,0.2543509538372871,0.5993549808015729,0.26480145615279216,1.4677206215829945,0.02574074074074074,1619.2532599251908,1
D-023,55.283441071531364,0.012777777777777779,0.2498144994183675,0.6096824409878652,0.2676688196819908,1.4562613828293525,0.04555555555555556,536.2484178363062,1
D-024,55.476873909538455,0.011111111111111112,0.2507884801153572,0.6045487922462248,0.2658340539136605,1.436314238659789,0.07166666666666667,542.1472841231063,1
D-025,54.94745365942465,0.008333333333333333,0.24214276372552224,0.5928233960164295,0.26415228740959684,1.4585801033107078,0.025972222222222223,2172.4997412771622,1
D-026,54.64081289499584,0.007407407407407408,0.2512440318291846,0.6075680801188087,0.2664004181699923,1.4470210566865538,0.03777777777777778,1620.8677489659922,1
D-027,55.00071949296546,0.004861111111111111,0.24952568845452539,0.6074720869884087,0.2637148517445036,1.4218467632899257,0.015555555555555555,2170.0863036315855,1
D-028,54.953966590533675,0.007222222222222222,0.24568782986815463,0.6044814878194249,0.2646823592537423,1.4330116684948158,0.019444444444444445,1081.5971474508608,1
D-029,55.01205660029834,0.00625,0.2443952697535058,0.596810079009526,0.2628433346503267,1.4182455408968733,0.0325,2157.741904460659,0
D-030,55.07975504378605,0.002962962962962963,0.25417349369182296,0.5879437007071014,0.2647983462434486,1.4508314338334052,0.012777777777777779,1623.5045577903752,1
D-031,55.25660408990662,0.011481481481481481,0.2500565801131314,0.5976678926872343,0.2648736758386467,1.3959856573865395,0.055740740740740743,1617.9199484253102,0
D-032,55.39648999507748,0.011666666666666667,0.23893783540625757,0.596648735878761,0.26093051444755744,1.5084252194624375,0.028888888888888888,546.7443535055985,0
D-033,55.34716009082742,0.009722222222222222,0.249834950921658,0.6027708340769157,0.26797063135395843,1.4337622642854269,0.04055555555555555,2166.0483752490577,1
D-034,55.23837632897117,0.006111111111111111,0.2375610874645095,0.5939129344802828,0.2651760585835133,1.4293665535682767,0.027962962962962964,1623.0731700768574,0
D-035,54.769337897284295,0.009814814814814814,0.26578315327598817,0.6031084590374882,0.2681364581749726,1.4542194971138998,0.03925925925925926,1612.9406217036333,1
D-036,54.74276455814794,0.01,0.24496412058636158,0.6035597642441237,0.26245235383955673,1.4134916673764772,0.03111111111111111,538.3372338882199,1
D-037,55.41102268487784,0.015277777777777777,0.254803586862101,0.6080590841534346,0.26565226905960393,1.3845344294956132,0.07555555555555556,1086.8237292736453,1
D-038,55.145213186061355,0.01074074074074074,0.2552321818743002,0.5970412615052538,0.2671140858473912,1.4327174669711333,0.04925925925925926,1628.043312603784,0
D-039,54.91926824355102,0.010555555555555556,0.2672911073552812,0.5874138834716501,0.26698532346952386,1.4582078124961806,0.04972222222222222,1086.9742694216964,1
D-040,54.97249029886886,0.01125,0.2567506826546324,0.6073679342532811,0.2652735446266129,1.4125915339989465,0.051111111111111114,2159.105044505744,1
D-041,54.82666887498584,0.003611111111111111,0.25367810514222505,0.5935056542560938,0.26606291970203483,1.416245796322859,0.016666666666666666,1089.1667121356693,1
D-042,54.77870047856651,0.01361111111111111,0.25234383947904937,0.5972822442562543,0.2645055919180557,1.4459532613566746,0.06666666666666667,2162.8886543387266,1
D-043,55.05702524057348,0.005555555555555556,0.2541526665182607,0.6064585857592194,0.2705056287240935,1.422048540087613,0.022222222222222223,1622.4263162148034,1
D-044,54.81692900702131,0.010416666666666666,0.25159250775288755,0.5967260749297884,0.26602449630200675,1.473693471347461,0.04791666666666667,2161.121388188062,1
D-045,54.889868768915875,0.0077777777777777776,0.24647450586382405,0.5806226755730116,0.2657394993621809,1.452266628885234,0.03361111111111111,1082.315462975874,1
D-046,55.26029487835699,0.00986111111111111,0.24724131099790453,0.604643546608777,0.2684509654797554,1.4083994023916295,0.04486111111111111,2165.897539567791,1
D-047,55.01254874720855,0.008888888888888889,0.24549973690016033,0.6048125908611294,0.26649498491161366,1.457727171218991,0.03611111111111111,1077.3580280580913,1
D-048,54.94704168316963,0.01,0.2575636655109597,0.5965565269099765,0.26427054103098496,1.4512085019473995,0.03203703703703704,1615.7743141112546,1
D-049,55.03924942871468,0.008518518518518519,0.2486157138237806,0.596577732811263,0.26964512224555004,1.3926337409303322,0.04185185185185185,1618.5905829525,1
D-050,55.64358030901572,0.015555555555555555,0.25632990531258765,0.597766677641936,0.2717433706310319,1.3912183507752376,0.05444444444444444,1070.0468451993,1
D-051,54.78720791685546,0.0022222222222222222,0.23519212107370702,0.5818860872588495,0.2703626809998323,1.4775832801846254,0.02277777777777778,542.4371479374097,1
D-052,54.79497349217994,0.005,0.2474131985194382,0.6015494187478787,0.26551024874175705,1.465824930841246,0.02666666666666667,1081.253950811541,1
D-053,55.152505294381086,0.008333333333333333,0.23875094807388456,0.6111103942659069,0.26697336775017644,1.4678524978934098,0.028888888888888888,540.1803578762149,1
D-054,55.40748236078342,0.009074074074074075,0.25636174318849136,0.6074281563068755,0.26488906861313466,1.479343644856895,0.038148148148148146,1611.2429002946178,1
D-055,55.01672208946542,0.010555555555555556,0.24570487134265423,0.6205550333176867,0.27491852039196607,1.3884552573863203,0.04666666666666667,1082.2422270640463,1
D-056,55.232263432,0.005555555555555556,0.2479276195384719,0.5857015205304199,0.2683741265548539,1.3706641121700753,0.028888888888888888,1074.8028397616426,1
D-057,54.66628276578281,0.008611111111111111,0.2417427794840989,0.596164959707167,0.26892817266466035,1.3886653605936203,0.04027777777777778,1078.9441603920436,0
D-058,55.27754305259694,0.0077777777777777776,0.2590285895016538,0.6032312268496622,0.2616116064005526,1.4235032901157358,0.03375,2148.7123591123623,1
D-059,54.83920388075412,0.006944444444444444,0.2525233500011808,0.5965876469200428,0.2636734751231315,1.4035142026905902,0.03916666666666667,1081.0482610962408,1
D-060,54.764558782317174,0.008611111111111111,0.25804770745578837,0.595655459131374,0.26651493754706945,1.4686535274808143,0.023333333333333334,1074.450753397322,0
D-061,54.84174696691426,0.005,0.23667718975563445,0.5899717688209092,0.26373364291359136,1.4605143028431062,0.021388888888888888,1068.7811069441495,1
D-062,55.27818769433973,0.009166666666666667,0.2454972109783472,0.5899849944372803,0.2655981315539485,1.424430966523303,0.050555555555555555,2158.223569485088,1
D-063,54.86183477317086,0.007962962962962963,0.24890891100650223,0.5959447225333872,0.2654761025288884,1.4021402048755096,0.037592592592592594,1617.231753875534,1
D-064,54.761555861439504,0.008888888888888889,0.2368803645052779,0.5958968265140154,0.271637910382276,1.4544583933225088,0.044444444444444446,545.9097004547816,1
D-065,54.89173157569141,0.00537037037037037,0.25544453155585634,0.5946189842894793,0.26694916237497385,1.3997839675159356,0.02851851851851852,1631.5719159890873,1
D-066,55.19138528200237,0.006805555555555555,0.24885915439555553,0.5987633837631117,0.26731142580060124,1.417595431544567,0.024027777777777776,2165.960862881582,1
D-067,55.47698616635997,0.006944444444444444,0.24821591443309865,0.6005295878389526,0.26791103142704187,1.4250656135469333,0.03722222222222222,2167.9792290171285,1
D-068,54.6839112680467,0.010277777777777778,0.2534608395374543,0.6041813472371377,0.2615627680632664,1.416870698045637,0.049166666666666664,2162.8537343607613,1
D-069,55.0767286766992,0.006111111111111111,0.25739145796174256,0.6165271705965487,0.2632300648826181,1.43848245479544,0.03222222222222222,542.2051984209598,0
D-070,54.89383258639499,0.010555555555555556,0.26215118885065564,0.5999847176195592,0.26794780798712176,1.474536661192528,0.04513888888888889,2164.032936625927,1
D-071,55.06961937354652,0.00625,0.250139335181573,0.6077749356869688,0.26823794062407147,1.4808009857477251,0.02277777777777778,2164.731442751183,1
D-072,54.82291988321976,0.006527777777777778,0.24127944472906665,0.6051869784353657,0.2695418958928892,1.447510305665424,0.025,2164.0403532381765,1
D-073,55.14405812969393,0.009444444444444445,0.251411482500453,0.5996384413857926,0.2697719311980473,1.4823076374435387,0.041666666666666664,1078.4522062744777,1
D-074,55.00966902222846,0.009166666666666667,0.25062051524394124,0.6004194064524766,0.26669727472356003,1.4422189511684103,0.043472222222222225,2160.3461195303576,1
D-075,54.89348403736112,0.009722222222222222,0.25058823536720326,0.5941528554175362,0.2633873625824243,1.4160554742556832,0.03916666666666667,1083.4698871819555,1
D-076,55.75007962628502,0.0075,0.259230163660072,0.6048655740557705,0.26846465911385364,1.4483888208908113,0.03805555555555556,1083.7927092697655,1
D-077,55.07243547739541,0.0033333333333333335,0.2492706354244184,0.6002753165389247,0.2667026636257151,1.4263958375544226,0.015,1628.4018388237735,1
D-078,55.255065341335246,0.004074074074074074,0.2507242172160386,0.617826382481582,0.26762300370634606,1.4298274661042316,0.011111111111111112,1626.9352195428362,1
D-079,55.331691342211855,0.015185185185185185,0.24371490696349737,0.6032873939020046,0.2693282672790844,1.4589526924272362,0.07685185185185185,1615.8940592516565,1
D-080,54.88753015868835,0.005138888888888889,0.24938028901816697,0.6052158191493543,0.26677410945920815,1.4200481158179763,0.014583333333333334,2155.9560689744944,1
D-081,54.993313458271764,0.008888888888888889,0.24454993588090532,0.5885844070736171,0.262626501523697,1.4522136921808917,0.04111111111111111,535.6264795766502,1
D-082,55.17416888738497,0.007592592592592593,0.2530323473201837,0.6002405616508356,0.27370051385048877,1.40233521511269,0.02388888888888889,1631.7696554105287,1
D-083,55.13674292558156,0.015,0.25471065334632564,0.6032708834196342,0.2719962988667893,1.458102174041624,0.043333333333333335,538.9073163034502,1
D-084,55.069372413470084,0.012777777777777779,0.2510590114222393,0.5886742695482118,0.266693269892563,1.4359082323695789,0.065,1078.4313965301815,1
D-085,55.47525350717389,0.011666666666666667,0.2559714652722166,0.5725595662489019,0.26941181679842796,1.4299421730117459,0.04833333333333333,531.8837728222578,1
D-086,55.226139973830236,0.010555555555555556,0.251414788605078,0.5857638885041555,0.2642580151717746,1.4514076882533076,0.051111111111111114,534.0311612882871,0
D-087,55.30620603871913,0.007962962962962963,0.2434076771998036,0.6077462264786818,0.2642637044738634,1.4135684984756,0.04703703703703704,1609.417540652536,0
D-088,55.127908431245785,0.008333333333333333,0.24298869080977764,0.6010819467146876,0.26816635668317723,1.4517905673795175,0.035833333333333335,1081.9065832598144,1
D-089,55.04820304981442,0.006944444444444444,0.2468518774373007,0.5963420778778382,0.262241384629239,1.3757938232313185,0.027083333333333334,2168.3736375266585,0
D-090,55.079618750855985,0.007962962962962963,0.2620714119594625,0.6065559853161007,0.2669271342016852,1.4288144521133197,0.027962962962962964,1625.5435595841222,1
D-091,55.10175932568721,0.009305555555555555,0.24893704915023257,0.6012956789462198,0.266443796418984,1.4396627769947037,0.03875,2170.8425735998103,0
D-092,54.892585193421816,0.010555555555555556,0.2481051911619019,0.5803093512328401,0.2632380547442851,1.4286016915134188,0.06222222222222222,535.7963169314559,1
D-093,54.89306176365825,0.006111111111111111,0.257856941664193,0.6099924967060513,0.26804935108114286,1.4471323105451714,0.02185185185185185,1617.3663759937385,1
D-094,54.69567718608693,0.00625,0.24785349625842468,0.6003422746880567,0.2689536715293764,1.3986566565841516,0.02277777777777778,2168.9089667224666,1
D-095,55.561261765004424,0.012222222222222223,0.24516556704691705,0.5938463107168451,0.2693932135483316,1.3989313019673315,0.029444444444444443,534.4209301379514,1
D-096,55.10258875169649,0.006296296296296296,0.25346735543175064,0.5921905441921508,0.26915057692601807,1.4537472483228269,0.030925925925925926,1622.1987936366945,1
D-097,54.881202669961745,0.004166666666666667,0.2576883423962508,0.594476756056418,0.26671068833551503,1.4482800478710247,0.01888888888888889,1080.5546021342695,1
D-098,55.1504984245927,0.011805555555555555,0.2424973339266327,0.591777918953015,0.26947132539286545,1.474545241643194,0.03777777777777778,2184.6306676662334,0
D-099,55.032581390828526,0.008055555555555555,0.25126994331975794,0.594060408342324,0.2602207522588535,1.4719578443239116,0.02861111111111111,2172.174425050986,1
D-100,55.169424607047475,0.0077777777777777776,0.25277585437428124,0.5984438412458221,0.26916312516227264,1.5029393299666989,0.03277777777777778,541.4026535924488,1
D-101,54.2057608398289,0.008333333333333333,0.23430060588856197,0.5925297082730075,0.26514474024596096,1.3903885112608199,0.03166666666666667,539.9806248168301,1
D-102,54.980642395251444,0.009027777777777777,0.253621853754237,0.6017094667415824,0.2661294597941073,1.3978257622931025,0.04680555555555556,2160.3309894773624,1
D-103,54.96988522249607,0.008611111111111111,0.2413440811064599,0.5992419179690047,0.26377911260347897,1.4545537001427606,0.03888888888888889,1078.345549358369,0
D-104,54.99094459218311,0.011805555555555555,0.25992986023030246,0.6017114693162532,0.2677296173039582,1.4461831058966323,0.04583333333333333,2153.3782341323154,1
D-105,55.30919252509151,0.019444444444444445,0.2591771714309214,0.6017097538530328,0.26520618062947704,1.461520310291213,0.08277777777777778,1084.9104825695963,1
D-106,54.77338303139991,0.008888888888888889,0.25908388849859554,0.5974439011360108,0.2668982995764992,1.4373946883014097,0.027777777777777776,1079.9599013953293,1
D-107,54.776424247712825,0.005,0.24240248816196602,0.6026351875483521,0.26640746750557637,1.4172545847450042,0.025833333333333333,1077.5902733746932,0
D-108,54.75246664572662,0.012592592592592593,0.24415168301669085,0.5929130966471788,0.2678010146662495,1.4883847040810292,0.05037037037037037,1630.6864946292396,1
D-109,55.41834196046158,0.004166666666666667,0.2513480141254486,0.6309205969463932,0.2635875918566858,1.4241691005035124,0.015277777777777777,1085.7497759112864,1
D-110,54.948679230129805,0.0077777777777777776,0.2387159596004433,0.5852111607496991,0.27153447333364167,1.3821517074484626,0.035833333333333335,1082.5839675101731,1
D-111,54.954424787358874,0.004861111111111111,0.24982479029346835,0.598219957001759,0.26761709102931946,1.3869897779195743,0.014027777777777778,2160.087187413381,1
D-112,55.02946837850202,0.007361111111111111,0.24979606008845007,0.5955145238716374,0.2636375496821087,1.4722513738370497,0.024027777777777776,2149.4338298602265,1
D-113,55.044949446415984,0.01638888888888889,0.25932846480143157,0.6091951920585945,0.2637362433811077,1.4403221091600589,0.06555555555555556,1088.1127028507108,1
D-114,55.06004343949455,0.0044444444444444444,0.24263668454209963,0.6020162906342915,0.2667642666054118,1.420866257994331,0.010694444444444444,2167.027841148696,1
D-115,55.2328658148371,0.01037037037037037,0.24980106555615936,0.5918920703746169,0.269745578660433,1.5029724662557196,0.040185185185185185,1618.1117590976044,1
D-116,55.27673652900203,0.006388888888888889,0.25067426854127545,0.6018866996732062,0.26347566213818385,1.4214115436142345,0.030833333333333334,2153.8825893446137,1
D-117,55.22209689589459,0.005555555555555556,0.25655690697016925,0.5791558184392697,0.2598458100126958,1.434647175880046,0.019444444444444445,543.5886988945538,1
D-118,55.358035398742764,0.013888888888888888,0.2460018617206892,0.5950578482290049,0.26766168450842265,1.3918617787605143,0.07055555555555555,2169.219818230021,1
D-119,54.61421976530672,0.006944444444444444,0.23840090358868052,0.5999896942823467,0.2620553514201328,1.4327350972188067,0.030555555555555555,1068.658288346499,1
D-120,55.17777329925712,0.008148148148148147,0.24149428511189971,0.6077108458870418,0.27052410567954355,1.432527048683173,0.02722222222222222,1611.1612409187103,1
D-121,55.000283599270325,0.0077777777777777776,0.25229471283320615,0.5913652192956786,0.26217511197233245,1.4372194046725237,0.04425925925925926,1605.2844337300976,0
D-122,55.53411637878084,0.006388888888888889,0.24845286918498327,0.5877037663158239,0.2680603931789448,1.4550988060005254,0.03388888888888889,1086.7855291365436,1
D-123,55.1216174468318,0.010833333333333334,0.2538697397357144,0.6038598725822025,0.2684071716391812,1.4178218184054616,0.03194444444444444,1085.8566866325918,1
D-124,55.207164694591604,0.01,0.2548992643430547,0.6057169405760682,0.27023418511078856,1.4456515153284906,0.03972222222222222,1089.2492638125652,1
D-125,54.889110213491165,0.008611111111111111,0.24334710834339282,0.6053871940762587,0.2595310504339361,1.398327484982457,0.024166666666666666,1081.6309535018463,1
D-126,55.10836407451902,0.015694444444444445,0.2551215947557948,0.5886731102665225,0.2652183939917133,1.3860430574690437,0.06166666666666667,2166.5139712697064,1
D-127,54.84610555277903,0.0038888888888888888,0.25580647909946946,0.6001469139784098,0.26445495819832626,1.4344027261644976,0.016666666666666666,1076.1451559489951,1
D-128,54.99392760131172,0.005,0.24624194819230055,0.6026506707111694,0.2694609081250014,1.4596220940358486,0.014074074074074074,1618.5180123846587,1
D-129,54.83540181475786,0.005277777777777778,0.25014904002609434,0.5956559912386622,0.26410006203642583,1.48644673997472,0.018472222222222223,2155.5533557374856,1
D-130,55.341516150956004,0.004722222222222222,0.24322620267703707,0.6049829202371401,0.2668777006948679,1.4597199437428046,0.020833333333333332,2172.502496078974,1
D-131,55.181319390516066,0.006527777777777778,0.2536570832119139,0.6158189794321093,0.26593209399343676,1.4529276339832775,0.02847222222222222,2165.120773238026,1
D-132,55.19336101887651,0.004074074074074074,0.2602537702579068,0.6078991756642034,0.26514642946661854,1.4009043611526537,0.01425925925925926,1607.75426710272,1
D-133,55.00795753558152,0.014722222222222222,0.2596450221287771,0.606514796211432,0.26570995686662796,1.4534686103448915,0.06027777777777778,1079.6489632270238,1
D-134,55.08331956659434,0.006481481481481481,0.25646399215922533,0.5993774620609313,0.262902200581029,1.4504649472553728,0.02666666666666667,1629.3296691646387,1
D-135,54.92861850264395,0.011296296296296296,0.2561569757147605,0.6036666248626096,0.2657704640145369,1.472582508162811,0.04703703703703704,1605.8119684101023,0
D-136,54.81091129548648,0.0033333333333333335,0.24108816609167888,0.601763133196594,0.26468332112722204,1.4358284870285494,0.01138888888888889,2168.3262891869917,1
D-137,55.51651295309685,0.01138888888888889,0.2543104190624387,0.5940661424221712,0.26688237063983444,1.3840269173450295,0.049166666666666664,1077.6045184630902,1
D-138,55.09377475604971,0.01611111111111111,0.2480472861874446,0.5958154069059592,0.26964371304025975,1.4394689983397144,0.07722222222222222,1616.9308979974608,0
D-139,54.826823132930535,0.012962962962962963,0.2543819791600467,0.6007611294014537,0.2738046824261632,1.4584293070638459,0.06018518518518518,1634.3043697386158,1
D-140,54.856078491500995,0.005555555555555556,0.24225446933751163,0.5974017415691474,0.26931913924419737,1.4665714262395042,0.01861111111111111,2155.2345278562075,1
D-141,54.98530752060603,0.013333333333333334,0.26437712291061616,0.593791561834919,0.26588596058431996,1.51860029218919,0.02388888888888889,540.9310089294421,0
D-142,54.51879624209217,0.0077777777777777776,0.26805719399552475,0.5905070402424398,0.26952892443675774,1.3301494013211934,0.042222222222222223,542.1581627139394,1
D-143,55.068062272951664,0.007361111111111111,0.24044577072182308,0.5980241936992265,0.27171437867070725,1.4315638023298836,0.03388888888888889,2151.496900418965,0
D-144,55.054524031053816,0.012777777777777779,0.23772924948784824,0.5751025585555316,0.26824491608219564,1.4332017300496642,0.04777777777777778,551.3007280381618,1
D-145,55.0024790195767,0.007222222222222222,0.24523242117118982,0.5877508469373195,0.2678156865689025,1.486400398688478,0.030833333333333334,2160.556137162894,1
D-146,54.89896490719054,0.005833333333333334,0.24313241726449625,0.6182826413169233,0.2632086123375287,1.4381143578746707,0.01888888888888889,1080.7894117792666,1
D-147,54.9682411249662,0.0125,0.25235694591113383,0.5964286323234311,0.26472788160590677,1.4383312671076713,0.051805555555555556,2156.1934001966306,0
D-148,55.25083758762691,0.010138888888888888,0.25324546594929087,0.5864223800384024,0.26413425760032194,1.4382496153802151,0.034027777777777775,2162.58573546856,1
D-149,55.280836918701944,0.007222222222222222,0.23772834417214156,0.5999458731958608,0.2698692247293733,1.4609343748828605,0.03638888888888889,2153.781974251763,1
D-150,54.835594221046925,0.013055555555555556,0.2525811134765297,0.6030748884384219,0.2626652997379012,1.389571504237267,0.0636111111111111,1077.6466339985598,1
D-151,54.89940665117566,0.007916666666666667,0.24836591473267713,0.606456304790975,0.2658180230703,1.455226837026187,0.035277777777777776,2160.5467996145494,1
D-152,54.91641939550088,0.014074074074074074,0.25496875426786775,0.6097214815812674,0.26935803104215095,1.3971092297862155,0.05925925925925926,1621.397805446782,1
D-153,55.390377080631374,0.005555555555555556,0.24348883242607627,0.5727358700150654,0.27159107261189974,1.3960496383471843,0.017222222222222222,542.4739631067689,1
D-154,55.124977414929106,0.013518518518518518,0.23971420483025982,0.6017604406386468,0.2606483603420509,1.484521057490787,0.0512962962962963,1626.9550182104551,1
D-155,55.055960457152,0.0059722222222222225,0.2564618053970429,0.6035654374315093,0.2647836729747255,1.3756636869503054,0.026111111111111113,2158.367480633383,1
D-156,54.87300494479855,0.008333333333333333,0.2523954417940696,0.6031851144150996,0.2601396945664275,1.4792409222995015,0.029027777777777777,2163.067852569419,0
D-157,55.195769795480736,0.009444444444444445,0.2366118160690857,0.6099787541480898,0.2685515795971859,1.3966225030176636,0.026111111111111113,534.3941456667795,1
D-158,55.134395366667086,0.011851851851851851,0.24861908997321894,0.599373999805851,0.2672510087381485,1.4379159363012843,0.05611111111111111,1622.9459955037385,1
D-159,54.669432763360255,0.017777777777777778,0.2686799153365719,0.5891873128145697,0.2694133325706631,1.394401436718632,0.08333333333333333,538.3127120538516,0
D-160,54.55438026982993,0.0077777777777777776,0.25220064207076576,0.5925065610611989,0.2700832156189119,1.3604391338125807,0.028888888888888888,542.8501677052352,0
D-161,55.44482674313491,0.012222222222222223,0.25801450771028156,0.5856543605537289,0.2682118587228518,1.446160070373466,0.058333333333333334,535.6396932989747,1
D-162,54.65735674883794,0.012083333333333333,0.25043288381468837,0.6026191208651501,0.2668288286102811,1.4335823860926062,0.04652777777777778,2161.0285724727373,0
D-163,54.83263522047751,0.005,0.2596615963518854,0.5890055996519189,0.26424947555601486,1.3301129423339366,0.044444444444444446,542.732667943841,1
D-164,55.04871541682913,0.0042592592592592595,0.24449007331938977,0.6046026397074322,0.2643447816903888,1.3910904563453244,0.015925925925925927,1624.9540575501069,1
D-165,54.808779816130105,0.010277777777777778,0.2580395503781119,0.6008366252138143,0.2685051864836863,1.4489290935479429,0.035833333333333335,1082.917636124543,1
D-166,55.37939156139121,0.00962962962962963,0.2570263668109181,0.6090320771180563,0.26587083811775913,1.4231591230920166,0.042777777777777776,1616.6895033012484,1
D-167,55.280186587536605,0.01037037037037037,0.2526577164475228,0.5925251178353114,0.2725491479496353,1.4837671619438881,0.035555555555555556,1612.1982832338117,1
D-168,54.956888619368335,0.004722222222222222,0.24773188088344847,0.5922794518346974,0.266402157345542,1.4275865493190416,0.018055555555555554,2157.2627415898583,1
D-169,55.1353091959512,0.011111111111111112,0.24627854158706292,0.6074506140665599,0.27730780280268813,1.4590857592991553,0.03111111111111111,536.3767819972999,1
D-170,54.77394208810022,0.011805555555555555,0.25188675793007714,0.6011418047377332,0.2679613009524537,1.4486789604106345,0.05597222222222222,2153.3794032414394,1
D-171,55.17317814292705,0.008194444444444445,0.25088540148366906,0.6002135470328938,0.27051586213626316,1.4034175769960484,0.04097222222222222,2164.572718723596,1
D-172,55.00903356388624,0.007962962962962963,0.25076828034175264,0.599347647327524,0.2676256187731509,1.4383074072266118,0.02925925925925926,1618.1159306214995,1
D-173,55.136630937162685,0.010555555555555556,0.2432235786689688,0.6018779346362993,0.26719812955124617,1.4029280696419018,0.04527777777777778,2159.5478501279918,1
D-174,55.206693004968685,0.006944444444444444,0.25419466666004936,0.590102643798025,0.2630128416557135,1.4449032916480766,0.03,1068.6727322206227,1
D-175,54.59412537460888,0.0077777777777777776,0.23840427665880404,0.6041554266943227,0.26840696005168774,1.4491561514998488,0.03388888888888889,1087.6822027680823,0
D-176,54.790898732478325,0.012777777777777779,0.2337523228832297,0.6102053080984408,0.2709306396057368,1.4369842690531125,0.05537037037037037,1595.3357668952824,1
D-177,54.87062601705723,0.008333333333333333,0.2514542483936076,0.6001812379338296,0.26773342571873243,1.4559791495103107,0.034444444444444444,533.2143483256076,1
D-178,54.98703505702142,0.012777777777777779,0.24580927965329571,0.5886917441196553,0.26541426587446476,1.458771811806062,0.055,544.3813455022929,1
D-179,54.831909270767184,0.008888888888888889,0.25612734061206854,0.6015501186083363,0.27119116242384456,1.3979328428607516,0.041666666666666664,534.3394582897372,1
D-180,55.11757872937104,0.011666666666666667,0.26135030436431184,0.5914241898609959,0.2686335746689301,1.480122336777773,0.03666666666666667,536.8981547833005,0
D-181,55.09045513173776,0.01574074074074074,0.2572517852470373,0.5963623707096765,0.2683789447472563,1.4726610572368213,0.06759259259259259,1609.2087324724005,1
D-182,55.56557284090481,0.0044444444444444444,0.23728101863341633,0.5888687958690048,0.26784575266668853,1.4342303800521952,0.019444444444444445,537.3712881349821,1
D-183,54.783824426188346,0.009074074074074075,0.2530505505170861,0.6080902484059406,0.26630607204966616,1.4287416130423005,0.04611111111111111,1618.1393711476517,1
D-184,55.68776988246289,0.012777777777777779,0.24191318096900366,0.5902750873198362,0.2623589370672564,1.4556966487368634,0.06722222222222222,536.8509069173798,1
D-185,54.873182259835836,0.007361111111111111,0.24550566783467162,0.5970366068203095,0.26456564985420383,1.4392594818787798,0.03652777777777778,2179.9025173679665,1
D-186,54.741290535394775,0.0044444444444444444,0.253384261642695,0.589686357758417,0.2669759835548794,1.431250607932114,0.019444444444444445,544.1448246727103,1
D-187,54.93429873361669,0.0038888888888888888,0.2605309069948659,0.6037077355724283,0.2623060290343971,1.47377761979411,0.018055555555555554,1086.0087596786914,1
D-188,55.36444778261826,0.009444444444444445,0.2398797421239768,0.5831343357619216,0.2708673561793115,1.431814293188856,0.055,538.5576533512892,1
D-189,55.24949996781939,0.004722222222222222,0.25301327761819153,0.6118636269414836,0.26536455645210794,1.388146377908031,0.016666666666666666,1076.7957887580542,0
D-190,55.29769579398657,0.007222222222222222,0.2531503497014834,0.6135921225488031,0.26832467879642435,1.3588041051855977,0.03277777777777778,548.9759166209626,1
D-191,54.734727861532704,0.009722222222222222,0.24040595084222663,0.6170798365538461,0.26531131350405246,1.4489644303909939,0.04777777777777778,1072.3439765302187,1
D-192,54.75397446520653,0.005555555555555556,0.2371874344829738,0.6014486918552903,0.26519110836052107,1.454691742433701,0.013703703703703704,1620.4502075892312,0
D-193,55.40949294418407,0.006666666666666667,0.24439429942242946,0.600484988429987,0.2679854522985215,1.4572265278227934,0.03,1082.089827648282,1
D-194,55.052396361500556,0.012916666666666667,0.2511496754279464,0.6057929264171578,0.266413433934619,1.4095980314629184,0.06291666666666666,2161.1623031725767,0
D-195,54.8335133285397,0.010694444444444444,0.25042266103185207,0.6029126079480546,0.2700199940093253,1.4369687963931013,0.041666666666666664,2150.277520612304,1
D-196,55.0145122930897,0.00986111111111111,0.2500683196635557,0.6172271137519022,0.2695938640494699,1.4157955434514444,0.042638888888888886,2146.9065513996798,1
D-197,54.94689678337532,0.011527777777777777,0.25201054232754966,0.602605475896857,0.2643560674414715,1.4604031157767212,0.05291666666666667,2168.9837964388144,1
D-198,55.144927842354335,0.006111111111111111,0.2526854952899918,0.6021790969145431,0.2641885823974875,1.445007066088276,0.025,546.4848701435284,1
D-199,54.805976204941295,0.008888888888888889,0.23415558941045328,0.592833541173272,0.2616044766662141,1.4802579527226227,0.03833333333333333,538.5325123051075,1
D-200,55.02806118384351,0.003611111111111111,0.25741964849845633,0.612242996530309,0.2692762798518261,1.4513298946311017,0.013888888888888888,2170.3687861652984,1
